-- --------------------------------------------------------
-- Host:                         localhost
-- Versión del servidor:         8.0.19 - MySQL Community Server - GPL
-- SO del servidor:              Win64
-- HeidiSQL Versión:             11.2.0.6213
-- --------------------------------------------------------

/*!40101 SET @OLD_CHARACTER_SET_CLIENT=@@CHARACTER_SET_CLIENT */;
/*!40101 SET NAMES utf8 */;
/*!50503 SET NAMES utf8mb4 */;
/*!40014 SET @OLD_FOREIGN_KEY_CHECKS=@@FOREIGN_KEY_CHECKS, FOREIGN_KEY_CHECKS=0 */;
/*!40101 SET @OLD_SQL_MODE=@@SQL_MODE, SQL_MODE='NO_AUTO_VALUE_ON_ZERO' */;
/*!40111 SET @OLD_SQL_NOTES=@@SQL_NOTES, SQL_NOTES=0 */;

-- Volcando estructura para tabla bd_manuales.cargos
CREATE TABLE IF NOT EXISTS `cargos` (
  `id_cargo` int NOT NULL,
  `nombre_cargo` varchar(20) CHARACTER SET latin1 COLLATE latin1_bin NOT NULL,
  PRIMARY KEY (`id_cargo`)
) ENGINE=InnoDB DEFAULT CHARSET=latin1;

-- Volcando datos para la tabla bd_manuales.cargos: ~2 rows (aproximadamente)
/*!40000 ALTER TABLE `cargos` DISABLE KEYS */;
INSERT INTO `cargos` (`id_cargo`, `nombre_cargo`) VALUES
	(1, 'Administrador'),
	(2, 'Auxiliar'),
	(3, 'Admin');
/*!40000 ALTER TABLE `cargos` ENABLE KEYS */;

-- Volcando estructura para tabla bd_manuales.categorias
CREATE TABLE IF NOT EXISTS `categorias` (
  `id` int NOT NULL AUTO_INCREMENT,
  `nombre` varchar(25) CHARACTER SET latin1 COLLATE latin1_bin NOT NULL,
  `descripcion` text CHARACTER SET latin1 COLLATE latin1_bin,
  PRIMARY KEY (`id`),
  UNIQUE KEY `nombre` (`nombre`)
) ENGINE=InnoDB DEFAULT CHARSET=latin1;

-- Volcando datos para la tabla bd_manuales.categorias: ~0 rows (aproximadamente)
/*!40000 ALTER TABLE `categorias` DISABLE KEYS */;
/*!40000 ALTER TABLE `categorias` ENABLE KEYS */;

-- Volcando estructura para tabla bd_manuales.detalle_ventas
CREATE TABLE IF NOT EXISTS `detalle_ventas` (
  `id` int NOT NULL AUTO_INCREMENT,
  `id_factura` varchar(15) NOT NULL,
  `id_producto` int NOT NULL,
  `cantidad_productos` int NOT NULL,
  `valor_total` int NOT NULL,
  PRIMARY KEY (`id`),
  KEY `detalle_ventas_facturas` (`id_factura`),
  KEY `detalle_ventas_productos` (`id_producto`),
  CONSTRAINT `detalle_ventas_facturas` FOREIGN KEY (`id_factura`) REFERENCES `facturas` (`id_factura`) ON DELETE CASCADE ON UPDATE CASCADE,
  CONSTRAINT `detalle_ventas_productos` FOREIGN KEY (`id_producto`) REFERENCES `productos` (`id_producto`) ON DELETE CASCADE ON UPDATE CASCADE
) ENGINE=InnoDB DEFAULT CHARSET=latin1;

-- Volcando datos para la tabla bd_manuales.detalle_ventas: ~0 rows (aproximadamente)
/*!40000 ALTER TABLE `detalle_ventas` DISABLE KEYS */;
/*!40000 ALTER TABLE `detalle_ventas` ENABLE KEYS */;

-- Volcando estructura para tabla bd_manuales.facturas
CREATE TABLE IF NOT EXISTS `facturas` (
  `id_factura` varchar(15) NOT NULL,
  `descuento` int NOT NULL,
  `id_usuario` varchar(20) NOT NULL,
  `fecha` datetime NOT NULL,
  `saldo_total` int NOT NULL,
  PRIMARY KEY (`id_factura`),
  KEY `fk_facturas_usuarios` (`id_usuario`),
  CONSTRAINT `fk_facturas_usuarios` FOREIGN KEY (`id_usuario`) REFERENCES `usuarios` (`documento`)
) ENGINE=InnoDB DEFAULT CHARSET=latin1;

-- Volcando datos para la tabla bd_manuales.facturas: ~0 rows (aproximadamente)
/*!40000 ALTER TABLE `facturas` DISABLE KEYS */;
/*!40000 ALTER TABLE `facturas` ENABLE KEYS */;

-- Volcando estructura para tabla bd_manuales.geo_estados
CREATE TABLE IF NOT EXISTS `geo_estados` (
  `id` int NOT NULL,
  `estado` varchar(60) DEFAULT NULL,
  `id_pais` int DEFAULT NULL,
  PRIMARY KEY (`id`),
  KEY `fk_paises` (`id_pais`),
  CONSTRAINT `fk_estados_paises` FOREIGN KEY (`id_pais`) REFERENCES `geo_paises` (`id`)
) ENGINE=InnoDB DEFAULT CHARSET=latin1;

-- Volcando datos para la tabla bd_manuales.geo_estados: ~0 rows (aproximadamente)
/*!40000 ALTER TABLE `geo_estados` DISABLE KEYS */;
INSERT INTO `geo_estados` (`id`, `estado`, `id_pais`) VALUES
	(5, ' Antioquia', 50),
	(8, ' Atlántico', 50),
	(11, ' Bogotá', 50),
	(13, ' Bolívar', 50),
	(15, ' Boyacá', 50),
	(17, ' Caldas', 50),
	(18, ' Caquetá', 50),
	(19, ' Cauca', 50),
	(20, ' Cesar', 50),
	(23, ' Córdoba', 50),
	(25, ' Cundinamarca', 50),
	(27, ' Chocó', 50),
	(41, ' Huila', 50),
	(44, ' La Guajira', 50),
	(47, ' Magdalena', 50),
	(50, ' Meta', 50),
	(52, ' Nariño', 50),
	(54, ' Norte de Santander', 50),
	(63, ' Quindío', 50),
	(66, ' Risaralda', 50),
	(68, ' Santander', 50),
	(70, ' Sucre', 50),
	(73, ' Tolima', 50),
	(76, ' Valle del Cauca', 50),
	(81, ' Arauca', 50),
	(85, ' Casanare', 50),
	(86, ' Putumayo', 50),
	(88, ' San Andrés y Providencia', 50),
	(91, ' Amazonas', 50),
	(94, ' Guainía', 50),
	(95, ' Guaviare', 50),
	(97, ' Vaupés', 50),
	(99, ' Vichada', 50);
/*!40000 ALTER TABLE `geo_estados` ENABLE KEYS */;

-- Volcando estructura para tabla bd_manuales.geo_municipio
CREATE TABLE IF NOT EXISTS `geo_municipio` (
  `id_mcpio` int NOT NULL,
  `nombre_mcpio` varchar(60) DEFAULT NULL,
  `id_dept` int NOT NULL,
  PRIMARY KEY (`id_mcpio`),
  KEY `fk_estado` (`id_dept`),
  CONSTRAINT `fk_municipios_estados` FOREIGN KEY (`id_dept`) REFERENCES `geo_estados` (`id`)
) ENGINE=InnoDB DEFAULT CHARSET=latin1;

-- Volcando datos para la tabla bd_manuales.geo_municipio: ~0 rows (aproximadamente)
/*!40000 ALTER TABLE `geo_municipio` DISABLE KEYS */;
INSERT INTO `geo_municipio` (`id_mcpio`, `nombre_mcpio`, `id_dept`) VALUES
	(1, 'Medellín', 5),
	(2, 'Bello', 5),
	(3, 'Itagüí', 5),
	(4, 'Envigado', 5),
	(5, 'Barranquilla', 8),
	(6, 'Soledad', 8),
	(7, 'Cartagena', 13),
	(8, 'Manizales', 17),
	(9, 'Popayán', 19),
	(10, 'Valledupar', 20),
	(11, 'Montería', 23),
	(12, 'Bogotá', 11),
	(13, 'Soacha', 25),
	(14, 'Neiva', 41),
	(15, 'Riohacha', 44),
	(16, 'Santa Marta', 47),
	(17, 'Villavicencio', 50),
	(18, 'Pasto', 52),
	(19, 'Tumaco', 52),
	(20, 'Cúcuta', 54),
	(21, 'Armenia', 63),
	(22, 'Pereira', 66),
	(23, 'Dosquebradas', 66),
	(24, 'Bucaramanga', 68),
	(25, 'Floridablanca', 68),
	(26, 'Barrancabermeja', 68),
	(27, 'Sincelejo', 70),
	(28, 'Ibagué', 73),
	(29, 'Cali', 76),
	(30, 'Palmira', 76),
	(31, 'Buenaventura', 76),
	(32, 'Tuluá', 76),
	(33, 'Rionegro', 5),
	(34, 'Turbo', 5),
	(35, 'Apartadó', 5),
	(36, 'Malambo', 8),
	(37, 'Sabanalarga', 8),
	(38, 'Magangué', 13),
	(39, 'Turbaco', 13),
	(40, 'Tunja', 15),
	(41, 'Sogamoso', 15),
	(42, 'Duitama', 15),
	(43, 'Florencia', 18),
	(44, 'Yopal', 85),
	(45, 'Santander de Quilichao', 19),
	(46, 'Aguachica', 20),
	(47, 'Quibdó', 27),
	(48, 'Lorica', 23),
	(49, 'Sahagún', 23),
	(50, 'Cereté', 23),
	(51, 'Facatativá', 25),
	(52, 'Fusagasugá', 25),
	(53, 'Mosquera', 25),
	(54, 'Chía', 25),
	(55, 'Zipaquirá', 25),
	(56, 'Madrid', 25),
	(57, 'Girardot', 25),
	(58, 'Funza', 25),
	(59, 'Pitalito', 41),
	(60, 'Uribia', 44),
	(61, 'Maicao', 44),
	(62, 'Ciénaga', 47),
	(63, 'Ipiales', 52),
	(64, 'Ocaña', 54),
	(65, 'Villa del Rosario', 54),
	(66, 'Piedecuesta', 68),
	(67, 'Girón', 68),
	(68, 'Jamundí', 76),
	(69, 'Cartago', 76),
	(70, 'Buga', 76),
	(71, 'Yumbo', 76),
	(72, 'caucasia', 5),
	(73, 'Sabaneta', 5),
	(74, 'Caldas', 5),
	(75, 'Copacabana', 5),
	(76, 'La Estrella', 5),
	(77, 'La Ceja', 5),
	(78, 'Marinilla', 5),
	(79, 'El Carmen de Viboral', 5),
	(80, 'Chigorodó', 5),
	(81, 'Guarne', 5),
	(82, 'Girardota', 5),
	(83, 'Barbosa', 5),
	(84, 'El Bagre', 5),
	(85, 'Carepa', 5),
	(86, 'Arauca', 81),
	(87, 'Saravena', 81),
	(88, 'Arauquita', 81),
	(89, 'Baranoa', 8),
	(90, 'Galapa', 8),
	(91, 'Puerto Colombia', 8),
	(92, 'Arjona', 13),
	(93, 'El Carmen de Bolívar', 13),
	(94, 'Chiquinquirá', 15),
	(95, 'La Dorada', 17),
	(96, 'Villamaría', 17),
	(97, 'Chinchiná', 17),
	(98, 'Riosucio', 17),
	(99, 'San Vicente del Caguán', 18),
	(100, 'El Tambo', 19),
	(101, 'Agustín Codazzi', 20),
	(102, 'La Jagua de Ibirico', 20),
	(103, 'Riosucio', 27),
	(104, 'Tierralta', 23),
	(105, 'Montelíbano', 23),
	(106, 'Planeta Rica', 23),
	(107, 'Ciénaga de Oro', 23),
	(108, 'Tuchín', 23),
	(109, 'San Pelayo', 23),
	(110, 'Cajicá', 25),
	(111, 'San José del Guaviare', 95),
	(112, 'Garzón', 41),
	(113, 'La Plata', 41),
	(114, 'Manaure', 44),
	(115, 'Zona Bananera', 47),
	(116, 'Fundación', 47),
	(117, 'El Banco', 47),
	(118, 'Plato', 47),
	(119, 'Acacías', 50),
	(120, 'Granada', 50),
	(121, 'Barbacoas', 52),
	(122, 'Los Patios', 54),
	(123, 'Tibú', 54),
	(124, 'Pamplona', 54),
	(125, 'Puerto Asís', 86),
	(126, 'Mocoa', 86),
	(127, 'Calarcá', 63),
	(128, 'Santa Rosa de Cabal', 66),
	(129, 'San Andrés', 88),
	(130, 'San Gil', 68),
	(131, 'Corozal', 70),
	(132, 'San Marcos', 70),
	(133, 'San Onofre', 70),
	(134, 'Espinal', 73),
	(135, 'Chaparral', 73),
	(136, 'Candelaria', 76),
	(137, 'Florida', 76),
	(138, 'El Cerrito', 76),
	(139, 'Cumaribo', 99),
	(140, 'Leticia', 91),
	(141, 'Puerto Nariño', 91),
	(142, 'La Pedrera', 91),
	(143, 'Tarapacá', 91),
	(144, 'La Chorrera', 91),
	(145, 'El Encanto', 91),
	(146, 'Mirití-Paraná', 91),
	(147, 'Puerto Santander', 91),
	(148, 'Puerto Arica', 91),
	(149, 'Puerto Alegría', 91),
	(150, 'La Victoria', 91),
	(151, 'Andes', 5),
	(152, 'Necoclí', 5),
	(153, 'Yarumal', 5),
	(154, 'Puerto Berrío', 5),
	(155, 'Segovia', 5),
	(156, 'Santa Rosa de Osos', 5),
	(157, 'Sonsón', 5),
	(158, 'El Santuario', 5),
	(159, 'San Pedro de Urabá', 5),
	(160, 'Amagá', 5),
	(161, 'Urrao', 5),
	(162, 'Arboletes', 5),
	(163, 'Cáceres', 5),
	(164, 'Remedios', 5),
	(165, 'Tarazá', 5),
	(166, 'Ituango', 5),
	(167, 'Nechí', 5),
	(168, 'Santa Bárbara', 5),
	(169, 'Amalfi', 5),
	(170, 'Santafé de Antioquia', 5),
	(171, 'Ciudad Bolívar', 5),
	(172, 'Zaragoza', 5),
	(173, 'Retiro', 5),
	(174, 'Fredonia', 5),
	(175, 'Dabeiba', 5),
	(176, 'Yolombó', 5),
	(177, 'San Pedro de los Milagros', 5),
	(178, 'San Vicente', 5),
	(179, 'La Unión', 5),
	(180, 'El Peñol', 5),
	(181, 'Concordia', 5),
	(182, 'San Roque', 5),
	(183, 'San Juan de Urabá', 5),
	(184, 'Frontino', 5),
	(185, 'Abejorral', 5),
	(186, 'Yondó', 5),
	(187, 'Don Matías', 5),
	(188, 'Anorí', 5),
	(189, 'Puerto Triunfo', 5),
	(190, 'Salgar', 5),
	(191, 'Támesis', 5),
	(192, 'San Jerónimo', 5),
	(193, 'Betulia', 5),
	(194, 'San Carlos', 5),
	(195, 'San Rafael', 5),
	(196, 'Cañasgordas', 5),
	(197, 'Sopetrán', 5),
	(198, 'Cocorná', 5),
	(199, 'Jardín', 5),
	(200, 'Puerto Nare', 5),
	(201, 'Mutatá', 5),
	(202, 'Valdivia', 5),
	(203, 'Jericó', 5),
	(204, 'San Luis', 5),
	(205, 'Santo Domingo', 5),
	(206, 'Ebéjico', 5),
	(207, 'Vegachí', 5),
	(208, 'Entrerrios', 5),
	(209, 'Venecia', 5),
	(210, 'Angostura', 5),
	(211, 'Titiribí', 5),
	(212, 'Betania', 5),
	(213, 'Liborina', 5),
	(214, 'Nariño', 5),
	(215, 'Cisneros', 5),
	(216, 'Gómez Plata', 5),
	(217, 'Granada', 5),
	(218, 'Buriticá', 5),
	(219, 'Vigía del Fuerte', 5),
	(220, 'Sabanalarga', 5),
	(221, 'Campamento', 5),
	(222, 'Pueblorrico', 5),
	(223, 'Guatapé', 5),
	(224, 'Caicedo', 5),
	(225, 'La Pintada', 5),
	(226, 'Peque', 5),
	(227, 'Maceo', 5),
	(228, 'Briceño', 5),
	(229, 'Yalí', 5),
	(230, 'Argelia', 5),
	(231, 'San Andrés de Cuerquia', 5),
	(232, 'Anzá', 5),
	(233, 'Uramita', 5),
	(234, 'Guadalupe', 5),
	(235, 'Montebello', 5),
	(236, 'Valparaíso', 5),
	(237, 'Tarso', 5),
	(238, 'Belmira', 5),
	(239, 'San Francisco', 5),
	(240, 'Angelópolis', 5),
	(241, 'Giraldo', 5),
	(242, 'Hispania', 5),
	(243, 'Heliconia', 5),
	(244, 'Murindó', 5),
	(245, 'Armenia', 5),
	(246, 'Toledo', 5),
	(247, 'Concepción', 5),
	(248, 'Alejandría', 5),
	(249, 'Caramanta', 5),
	(250, 'Caracolí', 5),
	(251, 'Carolina', 5),
	(252, 'San José de la Montaña', 5),
	(253, 'Olaya', 5),
	(254, 'Abriaquí', 5),
	(255, 'Tame', 81),
	(256, 'Fortul', 81),
	(257, 'Puerto Rondón', 81),
	(258, 'Cravo Norte', 81),
	(259, 'Sabanagrande', 8),
	(260, 'Santo Tomás', 8),
	(261, 'Palmar de Varela', 8),
	(262, 'Luruaco', 8),
	(263, 'Repelón', 8),
	(264, 'Ponedera', 8),
	(265, 'Campo de La Cruz', 8),
	(266, 'Juan de Acosta', 8),
	(267, 'Manatí', 8),
	(268, 'Polonuevo', 8),
	(269, 'Tubará', 8),
	(270, 'Candelaria', 8),
	(271, 'Santa Lucía', 8),
	(272, 'Usiacurí', 8),
	(273, 'Suan', 8),
	(274, 'Piojó', 8),
	(275, 'María La Baja', 13),
	(276, 'Mompox', 13),
	(277, 'San Juan Nepomuceno', 13),
	(278, 'Santa Rosa del Sur', 13),
	(279, 'Mahates', 13),
	(280, 'San Pablo', 13),
	(281, 'Villanueva', 13),
	(282, 'Achí', 13),
	(283, 'Pinillos', 13),
	(284, 'San Jacinto', 13),
	(285, 'Morales', 13),
	(286, 'Calamar', 13),
	(287, 'Santa Rosa', 13),
	(288, 'Simití', 13),
	(289, 'San Estanislao', 13),
	(290, 'Tiquisio', 13),
	(291, 'Montecristo', 13),
	(292, 'Turbaná', 13),
	(293, 'Córdoba', 13),
	(294, 'Clemencia', 13),
	(295, 'Barranco de Loba', 13),
	(296, 'Santa Catalina', 13),
	(297, 'San Martín de Loba', 13),
	(298, 'Cicuco', 13),
	(299, 'Talaigua Nuevo', 13),
	(300, 'San Fernando', 13),
	(301, 'Hatillo de Loba', 13),
	(302, 'Zambrano', 13),
	(303, 'Altos del Rosario', 13),
	(304, 'Margarita', 13),
	(305, 'Soplaviento', 13),
	(306, 'Río Viejo', 13),
	(307, 'San Jacinto del 19', 13),
	(308, 'Norosí', 13),
	(309, 'El Guamo', 13),
	(310, 'Arroyohondo', 13),
	(311, 'Cantagallo', 13),
	(312, 'San Cristóbal', 13),
	(313, 'El Peñón', 13),
	(314, 'Arenal', 13),
	(315, 'Regidor', 13),
	(316, 'Puerto Boyacá', 15),
	(317, 'Paipa', 15),
	(318, 'Moniquirá', 15),
	(319, 'Samacá', 15),
	(320, 'Garagoa', 15),
	(321, 'Villa de Leyva', 15),
	(322, 'Nobsa', 15),
	(323, 'Ventaquemada', 15),
	(324, 'Aquitania', 15),
	(325, 'Saboyá', 15),
	(326, 'Tibasosa', 15),
	(327, 'Santa Rosa de Viterbo', 15),
	(328, 'Cómbita', 15),
	(329, 'Guateque', 15),
	(330, 'Cubará', 15),
	(331, 'Ramiriquí', 15),
	(332, 'Tibaná', 15),
	(333, 'Miraflores', 15),
	(334, 'Toca', 15),
	(335, 'Soatá', 15),
	(336, 'Tuta', 15),
	(337, 'Muzo', 15),
	(338, 'Sotaquirá', 15),
	(339, 'Socha', 15),
	(340, 'Ráquira', 15),
	(341, 'Otanche', 15),
	(342, 'Chita', 15),
	(343, 'Santana', 15),
	(344, 'Úmbita', 15),
	(345, 'Belén', 15),
	(346, 'Jenesano', 15),
	(347, 'Pauna', 15),
	(348, 'Socotá', 15),
	(349, 'Firavitoba', 15),
	(350, 'Siachoque', 15),
	(351, 'Pesca', 15),
	(352, 'San Pablo de Borbur', 15),
	(353, 'Sutamarchán', 15),
	(354, 'Turmequé', 15),
	(355, 'Soracá', 15),
	(356, 'Arcabuco', 15),
	(357, 'Chitaraque', 15),
	(358, 'Tasco', 15),
	(359, 'Motavita', 15),
	(360, 'Maripí', 15),
	(361, 'Sáchica', 15),
	(362, 'San Luis de Gaceno', 15),
	(363, 'Tota', 15),
	(364, 'Nuevo Colón', 15),
	(365, 'Boyacá', 15),
	(366, 'Macanal', 15),
	(367, 'San José de Pare', 15),
	(368, 'Quípama', 15),
	(369, 'Gámeza', 15),
	(370, 'Boavita', 15),
	(371, 'Chíquiza', 15),
	(372, 'Ciénega', 15),
	(373, 'Zetaquira', 15),
	(374, 'Mongua', 15),
	(375, 'Buenavista', 15),
	(376, 'Togüí', 15),
	(377, 'Güicán', 15),
	(378, 'Monguí', 15),
	(379, 'Sutatenza', 15),
	(380, 'Paz de Río', 15),
	(381, 'El Cocuy', 15),
	(382, 'Jericó', 15),
	(383, 'Chiscas', 15),
	(384, 'Tenza', 15),
	(385, 'Cucaita', 15),
	(386, 'Cerinza', 15),
	(387, 'Tópaga', 15),
	(388, 'Coper', 15),
	(389, 'Santa María', 15),
	(390, 'Labranzagrande', 15),
	(391, 'Guayatá', 15),
	(392, 'Tinjacá', 15),
	(393, 'Tipacoque', 15),
	(394, 'Páez', 15),
	(395, 'Floresta', 15),
	(396, 'Santa Sofía', 15),
	(397, 'Chinavita', 15),
	(398, 'San Mateo', 15),
	(399, 'Caldas', 15),
	(400, 'Sora', 15),
	(401, 'Campohermoso', 15),
	(402, 'El Espino', 15),
	(403, 'San Miguel de Sema', 15),
	(404, 'Oicatá', 15),
	(405, 'Somondoco', 15),
	(406, 'Chivatá', 15),
	(407, 'Viracachá', 15),
	(408, 'Gachantivá', 15),
	(409, 'La Uvita', 15),
	(410, 'Susacón', 15),
	(411, 'Covarachía', 15),
	(412, 'La Capilla', 15),
	(413, 'Paya', 15),
	(414, 'Corrales', 15),
	(415, 'Chivor', 15),
	(416, 'Pachavita', 15),
	(417, 'Pajarito', 15),
	(418, 'Rondón', 15),
	(419, 'Briceño', 15),
	(420, 'Sativanorte', 15),
	(421, 'Tutazá', 15),
	(422, 'Iza', 15),
	(423, 'Betéitiva', 15),
	(424, 'Guacamayas', 15),
	(425, 'Cuítiva', 15),
	(426, 'Almeida', 15),
	(427, 'Pisba', 15),
	(428, 'Panqueba', 15),
	(429, 'San Eduardo', 15),
	(430, 'Berbeo', 15),
	(431, 'Tununguá', 15),
	(432, 'Busbanzá', 15),
	(433, 'La Victoria', 15),
	(434, 'Sativasur', 15),
	(435, 'Anserma', 17),
	(436, 'Supía', 17),
	(437, 'Aguadas', 17),
	(438, 'Neira', 17),
	(439, 'Samaná', 17),
	(440, 'Pensilvania', 17),
	(441, 'Salamina', 17),
	(442, 'Manzanares', 17),
	(443, 'Palestina', 17),
	(444, 'Pácora', 17),
	(445, 'Marquetalia', 17),
	(446, 'Viterbo', 17),
	(447, 'Filadelfia', 17),
	(448, 'Belalcázar', 17),
	(449, 'Risaralda', 17),
	(450, 'Aranzazu', 17),
	(451, 'Victoria', 17),
	(452, 'Marmato', 17),
	(453, 'Norcasia', 17),
	(454, 'La Merced', 17),
	(455, 'San José', 17),
	(456, 'Marulanda', 17),
	(457, 'Cartagena del Chairá', 18),
	(458, 'Puerto Rico', 18),
	(459, 'El Doncello', 18),
	(460, 'El Paujil', 18),
	(461, 'La Montañita', 18),
	(462, 'San José del Fragua', 18),
	(463, 'Solano', 18),
	(464, 'Belén de los Andaquies', 18),
	(465, 'Puerto Milán', 18),
	(466, 'Curillo', 18),
	(467, 'Valparaíso', 18),
	(468, 'Solita', 18),
	(469, 'Albania', 18),
	(470, 'Morelia', 18),
	(471, 'Aguazul', 85),
	(472, 'Paz de Ariporo', 85),
	(473, 'Villanueva', 85),
	(474, 'Tauramena', 85),
	(475, 'Monterrey', 85),
	(476, 'Maní', 85),
	(477, 'Trinidad', 85),
	(478, 'Orocué', 85),
	(479, 'Hato Corozal', 85),
	(480, 'Pore', 85),
	(481, 'Nunchía', 85),
	(482, 'San Luis de Palenque', 85),
	(483, 'Támara', 85),
	(484, 'Sabanalarga', 85),
	(485, 'Chámeza', 85),
	(486, 'Sácama', 85),
	(487, 'Recetor', 85),
	(488, 'La Salina', 85),
	(489, 'Páez', 19),
	(490, 'Cajibío', 19),
	(491, 'Piendamó', 19),
	(492, 'Puerto Tejada', 19),
	(493, 'Caldono', 19),
	(494, 'Morales', 19),
	(495, 'Silvia', 19),
	(496, 'Patía', 19),
	(497, 'Bolívar', 19),
	(498, 'Toribío', 19),
	(499, 'Timbío', 19),
	(500, 'Suárez', 19),
	(501, 'Miranda', 19),
	(502, 'Buenos Aires', 19),
	(503, 'Caloto', 19),
	(504, 'Inzá', 19),
	(505, 'Guapi', 19),
	(506, 'Timbiquí', 19),
	(507, 'Argelia', 19),
	(508, 'Totoró', 19),
	(509, 'Corinto', 19),
	(510, 'La Vega', 19),
	(511, 'Mercaderes', 19),
	(512, 'Balboa', 19),
	(513, 'Villa Rica', 19),
	(514, 'Guachené', 19),
	(515, 'López de Micay', 19),
	(516, 'Jambaló', 19),
	(517, 'Almaguer', 19),
	(518, 'Puracé', 19),
	(519, 'Sotará', 19),
	(520, 'Rosas', 19),
	(521, 'San Sebastián', 19),
	(522, 'La Sierra', 19),
	(523, 'Padilla', 19),
	(524, 'Sucre', 19),
	(525, 'Piamonte', 19),
	(526, 'Santa Rosa', 19),
	(527, 'Florencia', 19),
	(528, 'Bosconia', 20),
	(529, 'El Paso', 20),
	(530, 'Curumaní', 20),
	(531, 'Chimichagua', 20),
	(532, 'El Copey', 20),
	(533, 'Chiriguaná', 20),
	(534, 'La Paz', 20),
	(535, 'Pueblo Bello', 20),
	(536, 'San Martín', 20),
	(537, 'San Alberto', 20),
	(538, 'Becerril', 20),
	(539, 'Pelaya', 20),
	(540, 'Astrea', 20),
	(541, 'San Diego', 20),
	(542, 'Pailitas', 20),
	(543, 'La Gloria', 20),
	(544, 'Río de Oro', 20),
	(545, 'Tamalameque', 20),
	(546, 'Gamarra', 20),
	(547, 'Manaure', 20),
	(548, 'González', 20),
	(549, 'Istmina', 27),
	(550, 'Bajo Baudó', 27),
	(551, 'Alto Baudó', 27),
	(552, 'Litoral de San Juan', 27),
	(553, 'El Carmen del Darién', 27),
	(554, 'Tadó', 27),
	(555, 'Nuquí', 27),
	(556, 'Medio Baudó', 27),
	(557, 'Acandí', 27),
	(558, 'Unguía', 27),
	(559, 'Condoto', 27),
	(560, 'Bojayá', 27),
	(561, 'Bagadó', 27),
	(562, 'Medio Atrato', 27),
	(563, 'Medio San Juan', 27),
	(564, 'Bahía Solano', 27),
	(565, 'Lloró', 27),
	(566, 'Nóvita', 27),
	(567, 'Río Quito', 27),
	(568, 'El Carmen de Atrato', 27),
	(569, 'Unión Panamericana', 27),
	(570, 'Juradó', 27),
	(571, 'Cantón de San Pablo', 27),
	(572, 'El Atrato', 27),
	(573, 'Cértegui', 27),
	(574, 'Río Iró', 27),
	(575, 'San José del Palmar', 27),
	(576, 'Sipí', 27),
	(577, 'Chinú', 23),
	(578, 'San Andrés Sotavento', 23),
	(579, 'Ayapel', 23),
	(580, 'Puerto Libertador', 23),
	(581, 'San Bernardo del Viento', 23),
	(582, 'Pueblo Nuevo', 23),
	(583, 'Valencia', 23),
	(584, 'San Antero', 23),
	(585, 'Moñitos', 23),
	(586, 'San Carlos', 23),
	(587, 'Puerto Escondido', 23),
	(588, 'Buenavista', 23),
	(589, 'Momil', 23),
	(590, 'Cotorra', 23),
	(591, 'Los Córdobas', 23),
	(592, 'Chimá', 23),
	(593, 'Purísima', 23),
	(594, 'Canalete', 23),
	(595, 'La Apartada', 23),
	(596, 'San José de Uré', 23),
	(597, 'Ubaté', 25),
	(598, 'Tocancipá', 25),
	(599, 'Cota', 25),
	(600, 'Sibaté', 25),
	(601, 'La Mesa', 25),
	(602, 'Guaduas', 25),
	(603, 'La Calera', 25),
	(604, 'Villeta', 25),
	(605, 'Sopó', 25),
	(606, 'El Colegio', 25),
	(607, 'Pacho', 25),
	(608, 'El Rosal', 25),
	(609, 'Cogua', 25),
	(610, 'Tabio', 25),
	(611, 'Tenjo', 25),
	(612, 'Silvania', 25),
	(613, 'Chocontá', 25),
	(614, 'Gachancipá', 25),
	(615, 'Suesca', 25),
	(616, 'La Vega', 25),
	(617, 'Villapinzón', 25),
	(618, 'Cáqueza', 25),
	(619, 'Guasca', 25),
	(620, 'Subachoque', 25),
	(621, 'Puerto Salgar', 25),
	(622, 'Tocaima', 25),
	(623, 'Anapoima', 25),
	(624, 'Anolaima', 25),
	(625, 'Nemocón', 25),
	(626, 'Ricaurte', 25),
	(627, 'Guachetá', 25),
	(628, 'Simijaca', 25),
	(629, 'Viotá', 25),
	(630, 'Caparrapí', 25),
	(631, 'San Antonio del Tequendama', 25),
	(632, 'Fómeque', 25),
	(633, 'Sesquilé', 25),
	(634, 'Yacopí', 25),
	(635, 'Agua de Dios', 25),
	(636, 'Nilo', 25),
	(637, 'San Francisco', 25),
	(638, 'Choachí', 25),
	(639, 'Sasaima', 25),
	(640, 'Bojacá', 25),
	(641, 'Arbeláez', 25),
	(642, 'Lenguazaque', 25),
	(643, 'Cachipay', 25),
	(644, 'Tena', 25),
	(645, 'Chipaque', 25),
	(646, 'La Palma', 25),
	(647, 'Pasca', 25),
	(648, 'Paratebueno', 25),
	(649, 'San Bernardo', 25),
	(650, 'Apulo', 25),
	(651, 'Tausa', 25),
	(652, 'Gachetá', 25),
	(653, 'San Juan de Río Seco', 25),
	(654, 'Cucunubá', 25),
	(655, 'Medina', 25),
	(656, 'Carmen de Carupa', 25),
	(657, 'Granada', 25),
	(658, 'Ubalá', 25),
	(659, 'Une', 25),
	(660, 'Vergara', 25),
	(661, 'Susa', 25),
	(662, 'Ubaque', 25),
	(663, 'Albán', 25),
	(664, 'Guatavita', 25),
	(665, 'Guayabetal', 25),
	(666, 'Nocaima', 25),
	(667, 'Quipile', 25),
	(668, 'Sutatausa', 25),
	(669, 'Machetá', 25),
	(670, 'La Peña', 25),
	(671, 'Junín', 25),
	(672, 'Fosca', 25),
	(673, 'Supatá', 25),
	(674, 'Pandi', 25),
	(675, 'Quetame', 25),
	(676, 'Fúquene', 25),
	(677, 'Cabrera', 25),
	(678, 'Zipacón', 25),
	(679, 'San Cayetano', 25),
	(680, 'Quebradanegra', 25),
	(681, 'El Peñón', 25),
	(682, 'Guayabal de Siquima', 25),
	(683, 'Vianí', 25),
	(684, 'Tibacuy', 25),
	(685, 'Venecia', 25),
	(686, 'Útica', 25),
	(687, 'Gachalá', 25),
	(688, 'Chaguaní', 25),
	(689, 'Topaipí', 25),
	(690, 'Paime', 25),
	(691, 'Manta', 25),
	(692, 'Nimaima', 25),
	(693, 'Gutiérrez', 25),
	(694, 'Pulí', 25),
	(695, 'Tibirita', 25),
	(696, 'Gama', 25),
	(697, 'Guataquí', 25),
	(698, 'Bituima', 25),
	(699, 'Nariño', 25),
	(700, 'Jerusalén', 25),
	(701, 'Beltrán', 25),
	(702, 'Villagómez', 25),
	(703, 'Inírida', 94),
	(704, 'Barranco Minas', 94),
	(705, 'Pana Pana', 94),
	(706, 'Puerto Colombia', 94),
	(707, 'San Felipe', 94),
	(708, 'Mapiripana', 94),
	(709, 'Morichal Nuevo', 94),
	(710, 'Cacahual', 94),
	(711, 'La Guadalupe', 94),
	(712, 'El Retorno', 95),
	(713, 'Calamar', 95),
	(714, 'Miraflores', 95),
	(715, 'San Agustín', 41),
	(716, 'Campoalegre', 41),
	(717, 'Palermo', 41),
	(718, 'Isnos', 41),
	(719, 'Acevedo', 41),
	(720, 'Rivera', 41),
	(721, 'Gigante', 41),
	(722, 'Suaza', 41),
	(723, 'Algeciras', 41),
	(724, 'Timaná', 41),
	(725, 'Guadalupe', 41),
	(726, 'Tarqui', 41),
	(727, 'Aipe', 41),
	(728, 'El Pital', 41),
	(729, 'La Argentina', 41),
	(730, 'Oporapa', 41),
	(731, 'Tello', 41),
	(732, 'Palestina', 41),
	(733, 'Tesalia', 41),
	(734, 'Saladoblanco', 41),
	(735, 'Santa María', 41),
	(736, 'Íquira', 41),
	(737, 'Agrado', 41),
	(738, 'Baraya', 41),
	(739, 'Teruel', 41),
	(740, 'Yaguará', 41),
	(741, 'Hobo', 41),
	(742, 'Villavieja', 41),
	(743, 'Colombia', 41),
	(744, 'Paicol', 41),
	(745, 'Nátaga', 41),
	(746, 'Altamira', 41),
	(747, 'Elías', 41),
	(748, 'San Juan del 20', 44),
	(749, 'Fonseca', 44),
	(750, 'Dibulla', 44),
	(751, 'Barrancas', 44),
	(752, 'Albania', 44),
	(753, 'Villanueva', 44),
	(754, 'Hatonuevo', 44),
	(755, 'Distracción', 44),
	(756, 'Urumita', 44),
	(757, 'El Molino', 44),
	(758, 'La Jagua del Pilar', 44),
	(759, 'Aracataca', 47),
	(760, 'Pivijay', 47),
	(761, 'Pueblo Viejo', 47),
	(762, 'Ariguaní', 47),
	(763, 'Sitionuevo', 47),
	(764, 'Guamal', 47),
	(765, 'Santa Ana', 47),
	(766, 'El Piñón', 47),
	(767, 'Chivolo', 47),
	(768, 'Nueva Granada', 47),
	(769, 'El Retén', 47),
	(770, 'San Sebastián de Buenavista', 47),
	(771, 'Algarrobo', 47),
	(772, 'Sabanas de San Ángel', 47),
	(773, 'Tenerife', 47),
	(774, 'Pijiño del Carmen', 47),
	(775, 'San Zenón', 47),
	(776, 'Remolino', 47),
	(777, 'Salamina', 47),
	(778, 'Santa Bárbara de Pinto', 47),
	(779, 'Concordia', 47),
	(780, 'Zapayán', 47),
	(781, 'Cerro de San Antonio', 47),
	(782, 'Pedraza', 47),
	(783, 'Puerto Gaitán', 50),
	(784, 'Puerto López', 50),
	(785, 'La Macarena', 50),
	(786, 'San Martín', 50),
	(787, 'Cumaral', 50),
	(788, 'Restrepo', 50),
	(789, 'Vistahermosa', 50),
	(790, 'Castilla la Nueva', 50),
	(791, 'Guamal', 50),
	(792, 'San Carlos de Guaroa', 50),
	(793, 'Puerto Rico', 50),
	(794, 'Fuente de Oro', 50),
	(795, 'Lejanías', 50),
	(796, 'Mesetas', 50),
	(797, 'Puerto Lleras', 50),
	(798, 'La Uribe', 50),
	(799, 'San Juan de Arama', 50),
	(800, 'Puerto Concordia', 50),
	(801, 'El Castillo', 50),
	(802, 'Mapiripán', 50),
	(803, 'Cubarral', 50),
	(804, 'Barranca de Upía', 50),
	(805, 'Cabuyaro', 50),
	(806, 'El Dorado', 50),
	(807, 'El Calvario', 50),
	(808, 'San Juanito', 50),
	(809, 'Túquerres', 52),
	(810, 'Cumbal', 52),
	(811, 'La Unión', 52),
	(812, 'Samaniego', 52),
	(813, 'Magüí Payán', 52),
	(814, 'Olaya Herrera', 52),
	(815, 'Buesaco', 52),
	(816, 'El Charco', 52),
	(817, 'Ricaurte', 52),
	(818, 'Sandoná', 52),
	(819, 'Guachucal', 52),
	(820, 'La Cruz', 52),
	(821, 'San Lorenzo', 52),
	(822, 'Taminango', 52),
	(823, 'Pupiales', 52),
	(824, 'Córdoba', 52),
	(825, 'Chachagüí', 52),
	(826, 'San Pablo', 52),
	(827, 'El Tablón de Gómez', 52),
	(828, 'Francisco Pizarro', 52),
	(829, 'El Tambo', 52),
	(830, 'Consacá', 52),
	(831, 'Tangua', 52),
	(832, 'Santa Bárbara', 52),
	(833, 'Roberto Payán', 52),
	(834, 'Mosquera', 52),
	(835, 'El Rosario', 52),
	(836, 'Guaitarilla', 52),
	(837, 'Santacruz', 52),
	(838, 'Yacuanquer', 52),
	(839, 'Potosí', 52),
	(840, 'Linares', 52),
	(841, 'La Florida', 52),
	(842, 'Policarpa', 52),
	(843, 'Leiva', 52),
	(844, 'Albán', 52),
	(845, 'Los Andes', 52),
	(846, 'Cuaspud', 52),
	(847, 'San Bernardo', 52),
	(848, 'Mallama', 52),
	(849, 'Ancuya', 52),
	(850, 'Arboleda', 52),
	(851, 'Puerres', 52),
	(852, 'Colón', 52),
	(853, 'Iles', 52),
	(854, 'La Tola', 52),
	(855, 'Imués', 52),
	(856, 'El Peñol', 52),
	(857, 'Aldana', 52),
	(858, 'Contadero', 52),
	(859, 'Sapuyes', 52),
	(860, 'Funes', 52),
	(861, 'Gualmatán', 52),
	(862, 'Ospina', 52),
	(863, 'San Pedro de Cartago', 52),
	(864, 'La Llanada', 52),
	(865, 'Belén', 52),
	(866, 'Cumbitara', 52),
	(867, 'Providencia', 52),
	(868, 'Nariño', 52),
	(869, 'Ábrego', 54),
	(870, 'El Zulia', 54),
	(871, 'Sardinata', 54),
	(872, 'El Tarra', 54),
	(873, 'Convención', 54),
	(874, 'Chinácota', 54),
	(875, 'Teorama', 54),
	(876, 'Toledo', 54),
	(877, 'El Carmen', 54),
	(878, 'Chitagá', 54),
	(879, 'La Esperanza', 54),
	(880, 'San Calixto', 54),
	(881, 'Cáchira', 54),
	(882, 'Salazar', 54),
	(883, 'Hacarí', 54),
	(884, 'Arboledas', 54),
	(885, 'Puerto Santander', 54),
	(886, 'Bochalema', 54),
	(887, 'Cucutilla', 54),
	(888, 'La Playa', 54),
	(889, 'San Cayetano', 54),
	(890, 'Gramalote', 54),
	(891, 'Herrán', 54),
	(892, 'Bucarasica', 54),
	(893, 'Labateca', 54),
	(894, 'Silos', 54),
	(895, 'Ragonvalia', 54),
	(896, 'Pamplonita', 54),
	(897, 'Villa Caro', 54),
	(898, 'Duranía', 54),
	(899, 'Mutiscua', 54),
	(900, 'Lourdes', 54),
	(901, 'Santiago', 54),
	(902, 'Cácota', 54),
	(903, 'Orito', 86),
	(904, 'Puerto Guzmán', 86),
	(905, 'Valle del Guamuez', 86),
	(906, 'Puerto Leguízamo', 86),
	(907, 'Villagarzón', 86),
	(908, 'San Miguel', 86),
	(909, 'Puerto Caicedo', 86),
	(910, 'Sibundoy', 86),
	(911, 'Santiago', 86),
	(912, 'San Francisco', 86),
	(913, 'Colón', 86),
	(914, 'Montenegro', 63),
	(915, 'La Tebaida', 63),
	(916, 'Quimbaya', 63),
	(917, 'Circasia', 63),
	(918, 'Filandia', 63),
	(919, 'Salento', 63),
	(920, 'Génova', 63),
	(921, 'Córdoba', 63),
	(922, 'Pijao', 63),
	(923, 'Buenavista', 63),
	(924, 'La Virginia', 66),
	(925, 'Quinchía', 66),
	(926, 'Belén de Umbría', 66),
	(927, 'Mistrató', 66),
	(928, 'Marsella', 66),
	(929, 'Pueblo Rico', 66),
	(930, 'Santuario', 66),
	(931, 'Apía', 66),
	(932, 'Guática', 66),
	(933, 'La Celia', 66),
	(934, 'Balboa', 66),
	(935, 'Providencia', 88),
	(936, 'Lebrija', 68),
	(937, 'Sabana de Torres', 68),
	(938, 'Cimitarra', 68),
	(939, 'Puerto Wilches', 68),
	(940, 'Socorro', 68),
	(941, 'San Vicente de Chucurí', 68),
	(942, 'Barbosa', 68),
	(943, 'Rionegro', 68),
	(944, 'Vélez', 68),
	(945, 'El Carmen de Chucurí', 68),
	(946, 'Málaga', 68),
	(947, 'Puente Nacional', 68),
	(948, 'Los Santos', 68),
	(949, 'El Playón', 68),
	(950, 'Curití', 68),
	(951, 'Charalá', 68),
	(952, 'Oiba', 68),
	(953, 'Bolívar', 68),
	(954, 'Barichara', 68),
	(955, 'Mogotes', 68),
	(956, 'Landázuri', 68),
	(957, 'Simacota', 68),
	(958, 'Suaita', 68),
	(959, 'Zapatoca', 68),
	(960, 'San Andrés', 68),
	(961, 'Aratoca', 68),
	(962, 'Puerto Parra', 68),
	(963, 'Villanueva', 68),
	(964, 'Tona', 68),
	(965, 'Sucre', 68),
	(966, 'Cerrito', 68),
	(967, 'Valle de San José', 68),
	(968, 'La Belleza', 68),
	(969, 'Betulia', 68),
	(970, 'Guaca', 68),
	(971, 'Ocamonte', 68),
	(972, 'Concepción', 68),
	(973, 'Florián', 68),
	(974, 'El Peñón', 68),
	(975, 'Capitanejo', 68),
	(976, 'Pinchote', 68),
	(977, 'Güepsa', 68),
	(978, 'Chipatá', 68),
	(979, 'Matanza', 68),
	(980, 'Coromoro', 68),
	(981, 'La Paz', 68),
	(982, 'Páramo', 68),
	(983, 'Guadalupe', 68),
	(984, 'Albania', 68),
	(985, 'San José de Miranda', 68),
	(986, 'Carcasí', 68),
	(987, 'Guavatá', 68),
	(988, 'Molagavita', 68),
	(989, 'Onzaga', 68),
	(990, 'Gámbita', 68),
	(991, 'Suratá', 68),
	(992, 'Contratación', 68),
	(993, 'Enciso', 68),
	(994, 'Santa Helena del Opón', 68),
	(995, 'Jesús María', 68),
	(996, 'Confines', 68),
	(997, 'San Benito', 68),
	(998, 'Galán', 68),
	(999, 'Charta', 68),
	(1000, 'Chima', 68),
	(1001, 'Palmas del Socorro', 68),
	(1002, 'Encino', 68),
	(1003, 'San Miguel', 68),
	(1004, 'Santa Bárbara', 68),
	(1005, 'Guapotá', 68),
	(1006, 'Hato', 68),
	(1007, 'California', 68),
	(1008, 'San Joaquín', 68),
	(1009, 'Vetas', 68),
	(1010, 'Macaravita', 68),
	(1011, 'El Guacamayo', 68),
	(1012, 'Cepitá', 68),
	(1013, 'Cabrera', 68),
	(1014, 'Aguada', 68),
	(1015, 'Palmar', 68),
	(1016, 'Jordán', 68),
	(1017, 'Sampués', 70),
	(1018, 'Majagual', 70),
	(1019, 'Tolú', 70),
	(1020, 'Sincé', 70),
	(1021, 'Sucre', 70),
	(1022, 'San Benito Abad', 70),
	(1023, 'Los Palmitos', 70),
	(1024, 'Ovejas', 70),
	(1025, 'Galeras', 70),
	(1026, 'Tolú Viejo', 70),
	(1027, 'Coveñas', 70),
	(1028, 'San Pedro', 70),
	(1029, 'Guaranda', 70),
	(1030, 'Caimito', 70),
	(1031, 'Morroa', 70),
	(1032, 'Palmito', 70),
	(1033, 'San Juan de Betulia', 70),
	(1034, 'La Unión', 70),
	(1035, 'Buenavista', 70),
	(1036, 'El Roble', 70),
	(1037, 'Colosó', 70),
	(1038, 'Chalán', 70),
	(1039, 'Mariquita', 73),
	(1040, 'Melgar', 73),
	(1041, 'Líbano', 73),
	(1042, 'Ortega', 73),
	(1043, 'Guamo', 73),
	(1044, 'Fresno', 73),
	(1045, 'Flandes', 73),
	(1046, 'Planadas', 73),
	(1047, 'Honda', 73),
	(1048, 'Purificación', 73),
	(1049, 'Rioblanco', 73),
	(1050, 'Coyaima', 73),
	(1051, 'Rovira', 73),
	(1052, 'Ataco', 73),
	(1053, 'Lérida', 73),
	(1054, 'Cajamarca', 73),
	(1055, 'Natagaima', 73),
	(1056, 'Saldaña', 73),
	(1057, 'San Luis', 73),
	(1058, 'Venadillo', 73),
	(1059, 'San Antonio', 73),
	(1060, 'Armero', 73),
	(1061, 'Icononzo', 73),
	(1062, 'Carmen de Apicalá', 73),
	(1063, 'Anzoátegui', 73),
	(1064, 'Palocabildo', 73),
	(1065, 'Villahermosa', 73),
	(1066, 'Alvarado', 73),
	(1067, 'Prado', 73),
	(1068, 'Cunday', 73),
	(1069, 'Coello', 73),
	(1070, 'Dolores', 73),
	(1071, 'Falan', 73),
	(1072, 'Herveo', 73),
	(1073, 'Piedras', 73),
	(1074, 'Ambalema', 73),
	(1075, 'Casabianca', 73),
	(1076, 'Santa Isabel', 73),
	(1077, 'Roncesvalles', 73),
	(1078, 'Valle de San Juan', 73),
	(1079, 'Villarrica', 73),
	(1080, 'Alpujarra', 73),
	(1081, 'Murillo', 73),
	(1082, 'Suárez', 73),
	(1083, 'Dagua', 76),
	(1084, 'Pradera', 76),
	(1085, 'Zarzal', 76),
	(1086, 'Sevilla', 76),
	(1087, 'Roldanillo', 76),
	(1088, 'La Unión', 76),
	(1089, 'Guacarí', 76),
	(1090, 'Caicedonia', 76),
	(1091, 'Bugalagrande', 76),
	(1092, 'Ginebra', 76),
	(1093, 'Andalucía', 76),
	(1094, 'Trujillo', 76),
	(1095, 'Calima', 76),
	(1096, 'Ansermanuevo', 76),
	(1097, 'San Pedro', 76),
	(1098, 'La Cumbre', 76),
	(1099, 'Yotoco', 76),
	(1100, 'Bolívar', 76),
	(1101, 'Riofrío', 76),
	(1102, 'Restrepo', 76),
	(1103, 'Toro', 76),
	(1104, 'Alcalá', 76),
	(1105, 'Vijes', 76),
	(1106, 'Obando', 76),
	(1107, 'La Victoria', 76),
	(1108, 'El Dovio', 76),
	(1109, 'El Águila', 76),
	(1110, 'Versalles', 76),
	(1111, 'El Cairo', 76),
	(1112, 'Ulloa', 76),
	(1113, 'Argelia', 76),
	(1114, 'Mitú', 97),
	(1115, 'Pacoa', 97),
	(1116, 'Carurú', 97),
	(1117, 'Taraira', 97),
	(1118, 'Yavaraté', 97),
	(1119, 'Papunaua', 97),
	(1120, 'Puerto Carreño', 99),
	(1121, 'La Primavera', 99),
	(1122, 'Santa Rosalía', 99);
/*!40000 ALTER TABLE `geo_municipio` ENABLE KEYS */;

-- Volcando estructura para tabla bd_manuales.geo_paises
CREATE TABLE IF NOT EXISTS `geo_paises` (
  `id` int NOT NULL,
  `nombre` varchar(60) DEFAULT NULL,
  PRIMARY KEY (`id`)
) ENGINE=InnoDB DEFAULT CHARSET=latin1;

-- Volcando datos para la tabla bd_manuales.geo_paises: ~0 rows (aproximadamente)
/*!40000 ALTER TABLE `geo_paises` DISABLE KEYS */;
INSERT INTO `geo_paises` (`id`, `nombre`) VALUES
	(1, 'Afganistán'),
	(2, 'Islas de Åland'),
	(3, 'Albania'),
	(4, 'Argelia'),
	(5, 'Samoa Americana'),
	(6, 'Andorra'),
	(7, 'Angola'),
	(8, 'Anguila'),
	(9, 'Antártida'),
	(10, 'Antigua y Barbuda'),
	(11, 'Argentina'),
	(12, 'Armenia'),
	(13, 'Aruba'),
	(14, 'Australia'),
	(15, 'Austria'),
	(16, 'Azerbaiyán'),
	(17, 'Bahamas'),
	(18, 'Baréin'),
	(19, 'Bangladesh'),
	(20, 'Barbados'),
	(21, 'Bielorrusia'),
	(22, 'Bélgica'),
	(23, 'Belice'),
	(24, 'Benín'),
	(25, 'Bermuda'),
	(26, 'Bután'),
	(27, 'Bolivia'),
	(28, 'Bonaire, San Eustaquio y Saba'),
	(29, 'Bosnia y Herzegovina'),
	(30, 'Botsuana'),
	(31, 'Isla Bouvet'),
	(32, 'Brasil'),
	(33, 'Territorio Británico del Océano Índico'),
	(34, 'Islas Vírgenes Británicas'),
	(35, 'Brunei'),
	(36, 'Bulgaria'),
	(37, 'Burkina Faso'),
	(38, 'Burundi'),
	(39, 'Camboya'),
	(40, 'Camerún'),
	(41, 'Canadá'),
	(42, 'Cabo Verde'),
	(43, 'Islas Caimán'),
	(44, 'República de África Central'),
	(45, 'Chad'),
	(46, 'Chile'),
	(47, 'China'),
	(48, 'Isla de Pascua'),
	(49, 'Islas Cocos'),
	(50, 'Colombia'),
	(51, 'Comoras'),
	(52, 'Islas Cook'),
	(53, 'Costa Rica'),
	(54, 'Croacia'),
	(55, 'Cuba'),
	(56, 'Curazao'),
	(57, 'Chipre'),
	(58, 'República Checa'),
	(59, 'República Democrática del Congo'),
	(60, 'Dinamarca'),
	(61, 'Yibuti'),
	(62, 'Dominica'),
	(63, 'República Dominicana'),
	(64, 'Timor Oriental'),
	(65, 'Ecuador'),
	(66, 'Egipto'),
	(67, 'El Salvador'),
	(68, 'Guinea Ecuatorial'),
	(69, 'Eritrea'),
	(70, 'Estonia'),
	(71, 'Etiopía'),
	(72, 'Islas Malvinas'),
	(73, 'Islas Faroe'),
	(74, 'Fiji'),
	(75, 'Finlandia'),
	(76, 'Francia'),
	(77, 'Guayana Francesa'),
	(78, 'Polinesia Francesa'),
	(79, 'Territorios del sur Franceses'),
	(80, 'Gabón'),
	(81, 'Gambia'),
	(82, 'Georgia'),
	(83, 'Alemania'),
	(84, 'Ghana'),
	(85, 'Gibraltar'),
	(86, 'Grecia'),
	(87, 'Groenlandia'),
	(88, 'Granada'),
	(89, 'Guadalupe'),
	(90, 'Guam'),
	(91, 'Guatemala'),
	(92, 'Guernsey'),
	(93, 'Guinea'),
	(94, 'Guinea Bissau'),
	(95, 'Guyana'),
	(96, 'Haití'),
	(97, 'Islas Heard y McDonald'),
	(98, 'Honduras'),
	(99, 'Hong Kong'),
	(100, 'Hungría'),
	(101, 'Islandia'),
	(102, 'India'),
	(103, 'Indonesia'),
	(104, 'Irán'),
	(105, 'Irak'),
	(106, 'Irlanda'),
	(107, 'Isla de Man'),
	(108, 'Israel'),
	(109, 'Italia'),
	(110, 'Costa de Marfil'),
	(111, 'Jamaica'),
	(112, 'Japón'),
	(113, 'Jersey'),
	(114, 'Jordania'),
	(115, 'Kazajistán'),
	(116, 'Kenia'),
	(117, 'Kiribati'),
	(118, 'Kosovo'),
	(119, 'Kuwait'),
	(120, 'Kirguistán'),
	(121, 'Laos'),
	(122, 'Letonia'),
	(123, 'Líbano'),
	(124, 'Lesoto'),
	(125, 'Liberia'),
	(126, 'Libia'),
	(127, 'Liechtenstein'),
	(128, 'Lituania'),
	(129, 'Luxemburgo'),
	(130, 'Macao'),
	(131, 'Macedonia'),
	(132, 'Madagascar'),
	(133, 'Malaui'),
	(134, 'Malasia'),
	(135, 'Maldivas'),
	(136, 'Malí'),
	(137, 'Malta'),
	(138, 'Islas Marshall'),
	(139, 'Martinica'),
	(140, 'Mauritania'),
	(141, 'Mauricio'),
	(142, 'Mayotte'),
	(143, 'México'),
	(144, 'Micronesia'),
	(145, 'Moldavia'),
	(146, 'Mónaco'),
	(147, 'Mongolia'),
	(148, 'Montenegro'),
	(149, 'Montserrat'),
	(150, 'Marruecos'),
	(151, 'Mozambique'),
	(152, 'Myanmar'),
	(153, 'Namibia'),
	(154, 'Nauru'),
	(155, 'Nepal'),
	(156, 'Países Bajos'),
	(157, 'Antillas Holandesas'),
	(158, 'Nueva Caledonia'),
	(159, 'Nueva Zelanda'),
	(160, 'Nicaragua'),
	(161, 'Níger'),
	(162, 'Nigeria'),
	(163, 'Niue'),
	(164, 'Isla Norfolk'),
	(165, 'Corea del Norte'),
	(166, 'Islas Marianas del Norte'),
	(167, 'Noruega'),
	(168, 'Omán'),
	(169, 'Pakistán'),
	(170, 'Palaos'),
	(171, 'Territorios Palestinos'),
	(172, 'Panamá'),
	(173, 'Papúa Nueva Guinea'),
	(174, 'Paraguay'),
	(175, 'Perú'),
	(176, 'Filipinas'),
	(177, 'Islas Pitcairn'),
	(178, 'Polonia'),
	(179, 'Portugal'),
	(180, 'Puerto Rico'),
	(181, 'Catar'),
	(182, 'República del Congo'),
	(183, 'Reunión'),
	(184, 'Rumanía'),
	(185, 'Rusia'),
	(186, 'Ruanda'),
	(187, 'San Bartolomé'),
	(188, 'Santa Elena'),
	(189, 'San Cristóbal y Nieves'),
	(190, 'Santa Lucía'),
	(191, 'San Martín'),
	(192, 'San Pedro y Miguelón'),
	(193, 'San Vicente y las Granadinas'),
	(194, 'Samoa Occidental'),
	(195, 'San Marino'),
	(196, 'Santo Tomé y Príncipe'),
	(197, 'Arabia Saudita'),
	(198, 'Senegal'),
	(199, 'Serbia'),
	(200, 'Serbia y Montenegro'),
	(201, 'Seychelles'),
	(202, 'Sierra Leona'),
	(203, 'Singapur'),
	(204, 'San Martín'),
	(205, 'Eslovaquia'),
	(206, 'Eslovenia'),
	(207, 'Islas Salomón'),
	(208, 'Somalia'),
	(209, 'Sudáfrica'),
	(210, 'Islas Georgia del Sur y Sandwich del Sur'),
	(211, 'Corea del Sur'),
	(212, 'Sudán del Sur'),
	(213, 'España'),
	(214, 'Sri Lanka'),
	(215, 'Sudán'),
	(216, 'Surinam'),
	(217, 'Islas Svalbard y Jan Mayen'),
	(218, 'Suazilandia'),
	(219, 'Suecia'),
	(220, 'Suiza'),
	(221, 'Siria'),
	(222, 'Taiwán'),
	(223, 'Tayikistán'),
	(224, 'Tanzania'),
	(225, 'Tailandia'),
	(226, 'República Togolesa'),
	(227, 'Islas Tokelau'),
	(228, 'Tonga'),
	(229, 'Trinidad y Tobago'),
	(230, 'Túnez'),
	(231, 'Turquía'),
	(232, 'Turkmenistán'),
	(233, 'Islas Turcos y Caicos'),
	(234, 'Tuvalu'),
	(235, 'Islas Vírgenes de los EE.UU.'),
	(236, 'Uganda'),
	(237, 'Ucrania'),
	(238, 'Emiratos Árabes Unidos'),
	(239, 'Reino Unido'),
	(240, 'Estados Unidos (USA)'),
	(241, 'Islas menores alejadas de los Estados Unidos'),
	(242, 'Uruguay'),
	(243, 'Uzbekistán'),
	(244, 'Vanuatu'),
	(245, 'Vaticano'),
	(246, 'Venezuela'),
	(247, 'Vietnam'),
	(248, 'Wallis y Futuna'),
	(249, 'Sahara Occidental'),
	(250, 'Yemen'),
	(251, 'Zambia'),
	(252, 'Zimbabue');
/*!40000 ALTER TABLE `geo_paises` ENABLE KEYS */;

-- Volcando estructura para vista bd_manuales.listar_facturas
-- Creando tabla temporal para superar errores de dependencia de VIEW
CREATE TABLE `listar_facturas` (
	`id_factura` VARCHAR(15) NOT NULL COLLATE 'latin1_swedish_ci',
	`nombre` VARCHAR(25) NOT NULL COLLATE 'latin1_bin',
	`fecha` DATETIME NOT NULL,
	`saldo_total` INT(10) NOT NULL,
	`descuento` INT(10) NOT NULL
) ENGINE=MyISAM;

-- Volcando estructura para tabla bd_manuales.productos
CREATE TABLE IF NOT EXISTS `productos` (
  `id_producto` int NOT NULL,
  `lote` int NOT NULL,
  `stock` int NOT NULL,
  `nombre` varchar(25) CHARACTER SET latin1 COLLATE latin1_bin NOT NULL,
  `precio_unitario` int NOT NULL,
  `id_categoria` int DEFAULT NULL,
  `fecha_vencimiento` date DEFAULT NULL,
  `estado` int NOT NULL DEFAULT '1',
  PRIMARY KEY (`id_producto`),
  KEY `productos_categorias_idx` (`id_categoria`),
  CONSTRAINT `productos_categorias` FOREIGN KEY (`id_categoria`) REFERENCES `categorias` (`id`) ON DELETE SET NULL ON UPDATE CASCADE
) ENGINE=InnoDB DEFAULT CHARSET=latin1;

-- Volcando datos para la tabla bd_manuales.productos: ~0 rows (aproximadamente)
/*!40000 ALTER TABLE `productos` DISABLE KEYS */;
/*!40000 ALTER TABLE `productos` ENABLE KEYS */;

-- Volcando estructura para tabla bd_manuales.usuarios
CREATE TABLE IF NOT EXISTS `usuarios` (
  `documento` varchar(20) NOT NULL,
  `usuario` varchar(100) CHARACTER SET latin2 COLLATE latin2_bin NOT NULL,
  `nombre` varchar(25) CHARACTER SET latin1 COLLATE latin1_bin NOT NULL,
  `password` varchar(100) CHARACTER SET latin1 COLLATE latin1_bin NOT NULL,
  `id_cargo` int NOT NULL,
  `lugar_recidencia` int DEFAULT NULL,
  `id_municipio` int NOT NULL,
  PRIMARY KEY (`documento`),
  UNIQUE KEY `usuario` (`usuario`),
  KEY `usuarios_cargos` (`id_cargo`),
  KEY `fk_usuarios_municipio_idx` (`id_municipio`),
  CONSTRAINT `fk_usuarios_municipio` FOREIGN KEY (`id_municipio`) REFERENCES `geo_municipio` (`id_mcpio`),
  CONSTRAINT `usuarios_cargos` FOREIGN KEY (`id_cargo`) REFERENCES `cargos` (`id_cargo`) ON DELETE CASCADE ON UPDATE CASCADE
) ENGINE=InnoDB DEFAULT CHARSET=latin1;

-- Volcando datos para la tabla bd_manuales.usuarios: ~0 rows (aproximadamente)
/*!40000 ALTER TABLE `usuarios` DISABLE KEYS */;
/*!40000 ALTER TABLE `usuarios` ENABLE KEYS */;

-- Volcando estructura para vista bd_manuales.listar_facturas
-- Eliminando tabla temporal y crear estructura final de VIEW
DROP TABLE IF EXISTS `listar_facturas`;
CREATE ALGORITHM=UNDEFINED SQL SECURITY DEFINER VIEW `bd_manuales`.`listar_facturas` AS select `bd_manuales`.`facturas`.`id_factura` AS `id_factura`,`bd_manuales`.`usuarios`.`nombre` AS `nombre`,`bd_manuales`.`facturas`.`fecha` AS `fecha`,`bd_manuales`.`facturas`.`saldo_total` AS `saldo_total`,`bd_manuales`.`facturas`.`descuento` AS `descuento` from (`bd_manuales`.`facturas` join `bd_manuales`.`usuarios`) where (`bd_manuales`.`usuarios`.`documento` = `bd_manuales`.`facturas`.`id_usuario`) order by `bd_manuales`.`facturas`.`fecha` desc;

/*!40101 SET SQL_MODE=IFNULL(@OLD_SQL_MODE, '') */;
/*!40014 SET FOREIGN_KEY_CHECKS=IFNULL(@OLD_FOREIGN_KEY_CHECKS, 1) */;
/*!40101 SET CHARACTER_SET_CLIENT=@OLD_CHARACTER_SET_CLIENT */;
/*!40111 SET SQL_NOTES=IFNULL(@OLD_SQL_NOTES, 1) */;
